{"epoch": 0, "accuracy": 0.9279370307922363, "precision": 0.9568288922309875, "recall": 0.8910818696022034, "f1_score": 0.9227857384092315}
{"epoch": 1, "accuracy": 0.9455994963645935, "precision": 0.9591528177261353, "recall": 0.9269005656242371, "f1_score": 0.9427509414749703}
{"epoch": 0, "accuracy": 0.9236980080604553, "precision": 0.9599589109420776, "recall": 0.8787593841552734, "f1_score": 0.9175662332417029}
{"epoch": 0, "accuracy": 0.8094973564147949, "precision": 0.801225483417511, "recall": 0.8056600093841553, "f1_score": 0.8034366425038235}
